{
  "train_loss": [
    1.0094448680877686,
    0.6048845693270365,
    0.5236449577013651,
    0.4613839018344879,
    0.4353258805274963,
    0.399683154185613,
    0.42199094875653587,
    0.36142794505755105,
    0.33756921378771465,
    0.33177132773399354,
    0.30785314726829527,
    0.3205977387428284,
    0.29379434581597647,
    0.27783362185955046,
    0.2722928873697917,
    0.2552894647916158,
    0.24705024377504983,
    0.23598839116096496,
    0.23172681597868602,
    0.2232709307273229,
    0.21990161077181497,
    0.2094460051457087,
    0.20788405283292136,
    0.2048395864168803,
    0.20388895575205485
  ],
  "val_loss": [
    0.6457108511924744,
    0.5689342130025228,
    0.5148219428062439,
    0.4436165901819865,
    0.41175332260131836,
    0.391990734577179,
    0.4040350994269053,
    0.333974084854126,
    0.3279824155966441,
    0.30369056606292727,
    0.3279306626319885,
    0.28114514183998107,
    0.27830865240097047,
    0.28685969042778015,
    0.2703911286989848,
    0.24419397807121276,
    0.25052122203509014,
    0.24116223255793254,
    0.2439587508837382,
    0.2353172272046407,
    0.23276634724934897,
    0.22207478030522665,
    0.22246837989489238,
    0.22129215002059938,
    0.21942189621925354
  ],
  "val_acc": [
    0.767,
    0.7716666666666666,
    0.8213333333333334,
    0.8376666666666667,
    0.8566666666666667,
    0.8746666666666667,
    0.8723333333333333,
    0.891,
    0.9016666666666666,
    0.911,
    0.899,
    0.918,
    0.9233333333333333,
    0.912,
    0.9203333333333333,
    0.936,
    0.933,
    0.9366666666666666,
    0.934,
    0.9406666666666667,
    0.94,
    0.9446666666666667,
    0.9423333333333334,
    0.949,
    0.947
  ],
  "val_mse": [
    0.14642724561422346,
    0.1320529013009794,
    0.1258380392483194,
    0.1228509261772994,
    0.12240200054563688,
    0.12116698913053299,
    0.11990824973922316,
    0.11673338391898952,
    0.11759248727045556,
    0.11451450593188559,
    0.1133074895197881,
    0.11164467603830569,
    0.11160384421842012,
    0.11122449484159105,
    0.11006641069307463,
    0.10918655428467222,
    0.10876798748516932,
    0.10810177373120222,
    0.10756417818444217,
    0.10799030517833147,
    0.10775789650647648,
    0.10718220663807332,
    0.10675429129290663,
    0.10671799343815618,
    0.10666360975028019
  ]
}